order_id,order_date,customer_id,region,product_category,product_name,unit_price,quantity,discount,unit_cost,revenue,profit,channel,customer_segment
1000,2024-04-12,114,South,Electronics,Desk Chair,881.0727907555721,4,0.21208292699751377,370.10286911286437,2776.8491775770494,1296.437701125592,Partner,Consumer
1001,2024-12-25,121,West,Electronics,Notebook,77.12977904224931,3,-0.09945486391128998,495.89780015403466,254.40213216121225,-1233.2912683008917,online ,Consumer
1002,2024-09-09,148,South ,Electronics,Desk Chair,634.4818457074831,9,0.5816288631890214,77.03211545359254,2389.040019671109,1695.7509805887762,Online,Consumer
1003,2024-12-29,163,Midwest,Home Goods,Notebook,565.4478429650961,4,0.019366886581104054,759.3640021163999,2217.987514891445,-819.4684935741548,online ,Consumer
1004,2024-08-29,189,Midwest,Home Goods,Printer,126.22981566759681,9,-0.014573235608654839,32.338874286598625,1152.62453260942,861.5746640300323,Web,Consumer
1005,2024-02-19,101,north east,Electronics,Printer,515.9354906445813,1,0.029398118867868916,621.230594572086,500.76795776245956,-120.46263680962647,Retail,Small Business
1006,2024-09-26,114,NE,Office Supplies,Desk Lamp,115.3060774417842,6,0.5728204170445443,599.1194875592178,295.5384124428651,-3299.1785129124414,Retail,Consumer
1007,2024-10-06,159,NE,Electronics,Laptop,655.8083389583156,-2,-0.08905451528116426,318.9308069495779,-1428.4220654031878,-790.560451504032,Online,Corporate
1008,2024-03-03,180,NE,Office Supplies,Desk Lamp,856.4969237708934,8,-0.04816874378613675,97.11590232247812,7182.026437165023,6405.099218585197,online ,Corporate
1009,2024-11-23,132,North East,Technology,Printer,85.63443684036812,5,0.3661456496322476,223.403825427101,271.3988016627993,-845.6203254727056,online ,Consumer
1010,2024-08-14,177,South,Home Goods,Notebook,1020.2074508766398,4,0.4396770259681927,420.5725993586853,2286.582692018431,604.2922945836897,Partner,Small Business
1011,2024-02-11,150,NE,Home Goods,Laptop,47.40073096721376,1,0.29429290038346856,115.76850625267117,33.45103237057593,-82.31747388209524,Retail,Small Business
1012,2024-05-22,135,North East,Furniture,Desk Lamp,1131.9957489639974,0,0.012854901077803085,647.4557017537115,0.0,0.0,Partner,Consumer
1013,2024-05-13,143,Midwest,Electronics,Printer,505.6468379657358,7,-0.014538431709528662,725.9286110288745,3590.9870499204785,-1490.5132272816431,Web,Corporate
1014,2024-10-09,176,NE,Furniture,Desk Chair,,5,0.2738625935628094,555.4866461477649,,,Partner,Corporate
1015,2024-05-31,131,north east,Electronics,Desk Chair,627.3608398746056,-2,-0.054575427023712916,201.26646995668796,-1323.1986512174349,-920.665711304059,online ,Small Business
1016,2024-04-22,155,Midwest,Furniture,Monitor,53.89546735189403,-1,0.9105641232240147,509.3093190375842,-4.820188376868133,504.48913066071606,Web,Corporate
1017,2024-02-22,131,Midwest,Office Supplies,Desk Lamp,667.9427759948802,4,0.4331337307301023,583.9319971464283,1514.536918055987,-821.1910705297264,Online,Consumer
1018,2024-04-07,110,North East,Office Supplies,Laptop,981.5539291310669,6,0.12454604548021506,37.416237536037315,5155.831612993351,4931.334187777127,Web,Corporate
1019,2024-12-11,118,Midwest,Home Goods,Pen Set,424.912524877158,6,0.3836564166717261,749.7003410457039,1571.3526491031112,-2926.8493971711127,Partner,Consumer
1020,2024-05-30,141,WEST,Technology,Monitor,316.95053698103516,7,0.587517840330605,212.35919399017516,915.155094016183,-571.3592639150431,Web,Consumer
1021,2024-09-10,136,West,Furniture,Monitor,1060.3372483953142,6,0.1444467022288626,718.2026566622988,5443.050177685108,1133.8342377113158,online ,Small Business
1022,2024-04-29,174,South ,Home Goods, Desk Chair,1123.4056431229276,5,0.6913243885794289,532.4839064409043,1733.8396188214476,-928.579913383074,Web,Corporate
1023,2024-12-03,134,West,Home Goods,Desk Lamp,785.8338988080947,-2,-0.0873472454691354,147.16405383095642,-1708.9486505305058,-1414.620542868593,Web,Consumer
1024,2024-05-14,132,North East,Electronics,Desk Chair,655.6228743603302,3,0.0856416573772078,778.5433910281943,1798.422734357108,-537.2074387274745,Retail,Small Business
1025,2024-09-20,197,South ,Home Goods, Printer,426.5933051566641,-2,0.03667009145863112,228.21402814048037,-821.900179281859,-365.47212300089825,Online,Corporate
1026,02/18/2024,143,WEST,Home Goods,Desk Lamp,1129.1457153799681,2,0.5184458155863813,762.6921183840428,1087.4896881078653,-437.8945486602204,Partner,Small Business
1027,2024-10-28,198,North East,Electronics,Desk Lamp,1176.5945846220943,2,0.03363772180524219,390.797500049671,2274.0332466140435,1492.4382465147014,online ,Corporate
1028,2024-08-10,166,NE,Electronics,Desk Chair,688.3727924063443,3,0.1510527469073147,239.7560177930563,1753.1765736513219,1033.908520272153,Partner,Corporate
1029,2024-04-13,142,WEST,Electronics,Desk Lamp,853.6040863230411,7,0.46655280883495953,694.3224932711825,3187.468915512189,-1672.7885373860877,Partner,Small Business
1030,2024-11-08,119,West,Home Goods,Monitor,783.4570776255405,9,1.1209784059568029,353.58692779937917,-853.0324954804175,-4035.3148456748304,Online,Small Business
1031,2024-02-20,162,Midwest,Furniture,Notebook,1178.390657089532,7,1.3403405045936925,291.351559921954,-2807.378495896409,-4846.839415350087,Partner,Consumer
1032,2024-09-20,104,North East,Home Goods,Laptop,554.145542320337,1,0.18794773353967495,114.99070847215208,449.9951435901156,335.00443511796357,Partner,Corporate
1033,2024-05-03,118,South,Office Supplies,Laptop,956.2715717747574,9,0.4208298500993808,151.5452710934392,4984.595546134383,3620.68810629343,Partner,Consumer
1034,2024-05-06,100,Midwest,Home Goods,Pen Set,216.22024088430646,-1,0.06785115141018225,150.37846770030933,-201.5494485821193,-51.17098088180998,Online,Consumer
1035,2024-09-28,163,WEST,Electronics,Desk Chair,669.6813224885668,4,-0.06659871061584585,131.12392587578037,2857.124940359279,2332.6292368561576,online ,Consumer
1036,2024-10-11,168,WEST,Home Goods,Notebook,122.04681603958653,1,1.2870279807035199,646.4958167553697,-35.03085115913648,-681.5266679145061,Retail,Corporate
1037,2024-09-10,122,South ,Furniture,Pen Set,67.19011979447014,1,-0.06828719315956885,502.55863299281793,71.77834448328969,-430.78028850952825,online ,Small Business
1038,2024-09-13,103,Midwest,Office Supplies,Pen Set,742.8628856239975,-1,-0.08144208262086473,752.4830419328413,-803.3631861309611,-50.880144198119865,Web,Small Business
1039,2024-06-26,132,NE,Technology,Laptop,555.3209396849048,2,0.33815776907110096,522.9303936269414,735.06969920518,-310.7910880487028,online ,Corporate
1040,10/11/2024,194,Midwest,Furniture,Laptop,,-1,0.3781047413914498,258.5856260835402,,,Online,Corporate
1041,2024-03-30,106,Midwest,Home Goods,Laptop,150.61614486977095,8,0.514230409468937,643.7673396559546,585.3179441660471,-4564.82077308159,Retail,Consumer
1042,2024-12-22,163,North East,Furniture,Desk Lamp,695.3502445571207,1,0.16041266005494823,275.9388145011492,583.8072621578542,307.86844765670503,Online,Consumer
1043,2024-02-06,154,NE,Electronics,Monitor,903.5365706718819,6,0.16441022032340638,399.76614659304676,4529.915544104776,2131.3186645464957,online ,Consumer
1044,07/05/2024,199,WEST,Furniture,Pen Set,22.89680526155505,9,0.1484336333239044,543.0320740173211,175.48334338565286,-4711.805322770237,online ,Consumer
1045,2024-05-23,198,WEST,Furniture,Desk Chair,726.9047018223316,2,0.426662170606376,632.7464235216703,833.5239278376702,-431.96891920567043,Web,Corporate
1046,2024-02-11,113,South,Electronics,Printer,663.9393699652453,4,0.28214103911549226,775.0782954594373,1906.4593048542629,-1193.8538769834863,Web,Corporate
1047,2024-09-09,145,South ,Technology,Pen Set,844.1532664363527,-1,0.5243278361437437,413.09430411045236,-401.5402108721068,11.554093238345558,Online,Small Business
1048,2024-05-15,164,South,Electronics,Monitor,1057.628362679716,4,0.5902007446760096,304.126370497078,1733.6612617427156,517.1557797544035,Web,Small Business
1049,2024-12-29,190,South,Furniture,Notebook,305.98174377204265,0,0.07757752171119711,459.32105503798346,0.0,0.0,Retail,Consumer
1050,2024-11-12,138,WEST,Furniture,Monitor,897.7934063258538,6,0.16240940566659282,695.536306910621,4511.899876758516,338.6820352947907,Web,Consumer
1051,2024-05-13,144,WEST,Furniture,Desk Lamp,,2,-0.06961945169127907,735.6969936465342,,,Online,Corporate
1052,2024-05-26,117,South,Electronics,Laptop,207.79636397201097,-2,0.33929065605884434,721.4206183403362,-274.5859986266099,1168.2552380540624,online ,Consumer
1053,2024-01-12,115,Midwest,Furniture,Printer,1069.4139028301904,9,0.1349620453578742,519.2444475266354,8325.75253653073,3652.552508791011,Web,Corporate
1054,2024-11-11,191,Midwest,Technology,Printer,438.8106632942692,8,0.3887131998138216,251.07445494763056,2145.913330021827,137.31769044078237,Online,Consumer
1055,2024-08-07,112,North East,Technology,Monitor,1094.0033495476725,-1,0.1916473404169354,735.7453587092699,-884.3405171996421,-148.59515849037223,Partner,Corporate
1056,2024-10-12,104,South ,Home Goods,Desk Chair,41.376699651729886,-2,0.23625905730644822,304.5074811006629,-63.202159195120274,545.8128030062055,Web,Consumer
1057,2024-08-04,126,north east,Furniture,Pen Set,687.2069483072397,6,0.19037365163636558,49.81851983748706,3338.2851127686445,3039.373993743722,Online,Small Business
1058,2024-07-15,102,North East,Office Supplies,Notebook,670.9637296671267,2,0.4299568414297191,196.66244170205732,764.9565674910899,371.63168408697527,Online,Consumer
1059,2024-01-01,176,WEST,Home Goods,Laptop,256.6009023195872,5,0.3326897683205271,95.27828579870507,856.1620378802277,379.77060888670235,online ,Consumer
1060,2024-06-10,102,South,Furniture,Laptop,628.9945663232721,3,0.5775816358078761,634.4951823783582,797.0965673760329,-1106.3889797590418,Online,Small Business
1061,09/11/2024,178,Midwest,Technology,Desk Chair,943.7552340937284,8,0.049074913056237485,16.563009205966132,7179.524224273678,7047.020150625948,Online,Small Business
1062,2024-04-07,178,North East,Home Goods,Pen Set,530.5951572082375,1,0.2832124148293781,728.8246663306021,380.3240214385191,-348.500644892083,Online,Corporate
1063,2024-04-15,104,NE,Office Supplies,Pen Set,957.801413051914,-2,0.2444814051556767,370.01292620941774,-1447.2735554577787,-707.2477030389432,Retail,Small Business
1064,2024-02-22,142,NE,Furniture,Desk Chair,295.77328634604976,6,0.22208341128850037,323.2388886836737,1380.5216756778516,-558.9116564241906,Partner,Corporate
1065,2024-12-25,124,north east,Technology,Laptop,1077.1782077881542,-1,0.3213547768786721,658.3235562913371,-731.0218451658241,-72.69828887448693,Partner,Consumer
1066,2024-06-18,120,WEST,Home Goods,Laptop,662.9712179568163,9,0.044433602884054735,405.2167303296112,5701.6171632110845,2054.666590244584,online ,Consumer
1067,03/13/2024,146,Midwest,Home Goods,Monitor,757.2014634941802,8,0.5446106803722692,225.11773027702696,2758.571674253894,957.6298320376782,Partner,Consumer
1068,2024-04-22,151,South,Furniture,Desk Chair,259.1256947706853,3,0.065281573182183,427.35627440895956,726.6286852923864,-555.4401379344923,Partner,Corporate
1069,06/02/2024,155,WEST,Home Goods,Desk Lamp,168.40914501909913,4,0.25817420948096625,90.20174901512196,499.7209885377112,138.91399247722336,Partner,Small Business
1070,2024-08-14,163,North East,Home Goods,Laptop,330.39944482976335,7,0.2947755644131854,75.91744132608467,1631.0403339878671,1099.6182447052745,Partner,Small Business
1071,2024-01-25,183,West,Office Supplies,Pen Set,574.0242303023618,6,0.24890953925034007,431.9997007457455,2586.864741715619,-5.133462758853966,Online,Consumer
1072,2024-09-20,182,West,Office Supplies,Desk Chair,460.7394248820343,1,0.35214206893212086,288.0968970887878,298.49369056547926,10.396793476691471,Partner,Small Business
1073,2024-08-16,152,NE,Furniture,Printer,131.12114241828044,4,0.24146686056611652,74.87066150941438,397.83892721878243,98.35628118112493,Partner,Small Business
1074,2024-05-31,102,north east,Electronics,Printer,634.168553588603,1,0.598078874337876,462.9187421554997,254.88573891785234,-208.03300323764734,Online,Small Business
1075,2024-11-30,193,north east,Electronics,Desk Lamp,213.35622899417834,6,0.40292008958558756,383.9124898804975,764.3443085652052,-1539.1306307177797,Online,Corporate
1076,2024-05-12,167,West,Office Supplies,Printer,516.269361953536,-2,0.2708880162267816,615.3847036470569,-752.8363573105527,477.9330499835611,Retail,Small Business
1077,2024-05-18,176,South ,Home Goods,Laptop,643.7814247363872,-1,0.21798758055336973,441.39297401173695,-503.4450695529008,-62.05209554116385,Online,Consumer
1078,2024-06-16,164,West,Home Goods,Notebook,,6,0.31694711842549095,332.4135267470785,,,Online,Corporate
1079,2024-10-31,159,West,Technology,Monitor,1158.38202369315,5,0.5936506335201734,306.48672504622135,2353.539007346654,821.1053821155474,Retail,Consumer
1080,2024-11-15,163,NE,Electronics,Pen Set,940.0022332841837,2,0.041139124033421154,135.5913093551394,1802.6627296348256,1531.4801109245468,Partner,Consumer
1081,2024-03-18,103,Midwest,Electronics,Desk Lamp,386.2739329328286,-1,0.4716196076301039,304.67082139280154,-204.0995722453109,100.57124914749065,Partner,Small Business
1082,2024-12-18,114,South ,Home Goods,Desk Lamp,697.2086623782895,4,0.2723002357817218,187.0751857852131,2029.4343168944897,1281.1335737536374,Retail,Consumer
1083,2024-07-16,106,West,Furniture,Desk Chair,879.3534728030687,1,0.45581763248920715,429.1015681211756,478.52865470881153,49.42708658763593,Web,Consumer
1084,2024-06-05,196,NE,Technology,Desk Chair,851.3067488797162,-2,-0.07652729568495444,611.1546551638489,-1832.9099043396632,-610.6005940119653,Retail,Corporate
1085,2024-12-18,112,South,Technology,Desk Chair,141.6517669766966,5,0.3227705104507588,434.18920650470517,479.65376921688147,-1691.2922633066444,Online,Corporate
1086,2024-11-19,101,Midwest,Technology,Desk Lamp,24.521656058472974,1,0.2799071103433173,279.82831483561597,17.657870170313103,-262.17044466530285,Partner,Corporate
1087,2024-11-25,105,Midwest,Furniture,Desk Chair,487.01318594873146,8,0.007345982181256122,407.18149971315046,3867.4847661017225,610.0327683965188,Online,Small Business
1088,2024-04-20,142,South ,Office Supplies,Desk Lamp,1119.2207561554987,1,1.1862304898894216,618.1411014731917,-208.4330297132474,-826.5741311864391,Partner,Consumer
1089,2024-02-20,139,north east,Office Supplies,Pen Set,1010.1231620567033,-2,-0.02073336791147133,671.9239787245176,-2062.132834423048,-718.2848769740126,online ,Corporate
1090,2024-11-08,153,NE,Electronics,Desk Chair,627.4172879800258,2,0.16551398886988414,168.43594765863182,1047.141899921054,710.2700046037903,Online,Corporate
1091,2024-06-02,162,north east,Electronics,Printer,503.26045520231696,3,0.14244219605617287,591.31349224725,1294.7247923252094,-479.2156844165406,Online,Small Business
1092,2024-12-29,153,NE,Office Supplies,Notebook,219.90051394240572,3,-0.07628458782738351,625.4940874991397,710.0266020345958,-1166.4556604628233,Web,Small Business
1093,06/02/2024,184,South,Technology,Monitor,623.056682064107,6,0.0040639094271790605,72.85298612252187,3723.1478168411986,3286.0299001060675,online ,Consumer
1094,2024-02-18,195,North East,Technology,Desk Lamp,89.8210080922287,8,0.4598474154519886,377.24430361089657,388.1363973418014,-2629.818031545371,Online,Small Business
1095,2024-10-12,118,Midwest,Office Supplies,Pen Set,88.19328091973932,-1,0.26707318852930595,323.60663339588416,-64.63922017764374,258.96741321824044,Web,Consumer
1096,2024-11-14,107,NE,Home Goods, Desk Lamp,1035.5248890060857,7,0.08952127120048761,329.94366602298663,6599.763692077619,4290.158029916713,Partner,Small Business
1097,2024-10-14,192,South,Office Supplies,Pen Set,495.5015494841652,0,0.06175235761164996,20.669877514719502,0.0,0.0,online ,Corporate
1098,2024-08-26,150,South ,Office Supplies,Monitor,786.7678683437309,-1,0.46372047715053355,484.54193473069876,-421.92749702866786,62.6144377020309,Web,Small Business
1099,2024-06-13,113,West,Furniture,Printer,358.8457990106058,4,0.34326854243767235,679.2618358961723,942.6612984974129,-1774.3860450872764,Web,Small Business
1100,2024-02-05,181,West,Home Goods,Printer,1072.2793361816,1,0.13510610000488454,293.63207369509695,927.4078569542776,633.7757832591806,online ,Corporate
1101,2024-01-20,137,North East,Office Supplies,Printer,930.8630826095949,2,0.10612603167934234,612.0666063570098,1664.1485552308777,440.015342516858,Partner,Consumer
1102,2024-07-20,158,NE,Technology,Pen Set,1074.5171500039687,-2,0.2393448570052423,594.6411206617892,-1634.6739927731767,-445.39175144959836,Web,Corporate
1103,2024-10-07,121,Midwest,Home Goods,Desk Chair,1003.566981791166,7,0.53040061086547,548.1311658741578,3298.921091233009,-537.9970698860952,Web,Small Business
1104,2024-05-07,199,South,Office Supplies, Pen Set,602.7279966780968,2,0.35599427184630494,169.10491104967954,776.3205647585912,438.11074265923213,online ,Small Business
1105,2024-01-27,105,NE,Electronics,Monitor,881.2996483662843,6,0.24599169509678995,671.2950357267451,3987.0435238587424,-40.726690501728626,Retail,Small Business
1106,2024-07-08,163,Midwest,Furniture,Laptop,431.10693810788683,-2,-0.04204093245241148,200.05254219665017,-898.462151545293,-498.3570671519926,Retail,Consumer
1107,2024-10-22,135,Midwest,Technology,Printer,865.6646271692522,0,0.5645147579404359,763.4991145490083,0.0,0.0,online ,Consumer
1108,2024-11-07,135,South ,Home Goods,Pen Set,652.4129069007502,1,-0.06400193056102477,479.49006488892695,694.1685924653284,214.67852757640145,Retail,Small Business
1109,2024-06-02,172,South ,Technology,Desk Chair,99.41396026561243,6,0.3934478847822671,370.44680264509924,361.7984872876732,-1860.8823285829221,Web,Consumer
1110,08/16/2024,150,North East,Electronics,Desk Chair,333.8527133036556,0,0.12021758976658761,769.8685346824735,0.0,0.0,Web,Consumer
1111,2024-02-26,146,WEST,Electronics,Desk Lamp,113.17920211599849,0,0.41255742048669286,528.7327765350203,0.0,0.0,online ,Consumer
1112,2024-07-16,181,South,Technology,Pen Set,592.4157067353372,7,-0.06388293533890302,40.11152297952964,4411.826727157229,4131.0460663005215,Retail,Corporate
1113,2024-10-08,106,NE,Technology,Notebook,50.39571451710062,6,0.034819319449941294,340.3013144857575,291.8458202065299,-1749.9620667080148,online ,Small Business
1114,2024-08-10,138,South ,Home Goods,Pen Set,551.6209851930257,4,-0.07409465569915517,187.85702564372392,2369.9726086693267,1618.5445060944312,Web,Consumer
1115,2024-04-07,142,WEST,Technology,Desk Lamp,414.4512068839987,9,0.30069943160342594,433.0291848527261,2608.4336809196375,-1288.828982754897,Partner,Consumer
1116,2024-07-28,141,north east,Home Goods,Desk Chair,1053.231799656315,0,1.3872315054157793,425.50502155163355,-0.0,-0.0,Web,Small Business
1117,08/14/2024,145,north east,Technology,Monitor,427.34706038753507,2,0.2358469287995533,220.99114199985826,653.1171373272354,211.13485332751884,Online,Small Business
1118,2024-12-24,164,Midwest,Office Supplies,Notebook,294.1448034642798,5,0.1010672941578572,190.7181620846784,1322.0819204377517,368.4911100143597,Partner,Corporate
1119,2024-07-11,178,South,Furniture,Printer,519.0500291456763,5,-0.012893709892200567,639.4015111039897,2628.7125482050947,-568.295007314854,Retail,Consumer
1120,2024-07-16,162,West,Furniture,Printer,1134.2311065267781,-1,0.01692376226445265,189.1790025998375,-1115.0356489269718,-925.8566463271343,Online,Corporate
1121,2024-03-03,173,NE,Home Goods,Laptop,65.86497500589748,6,0.030506783500978157,283.3495810375504,383.1338788385714,-1316.963607386731,Web,Corporate
1122,2024-02-16,108,Midwest,Technology,Pen Set,1114.0252170023034,8,0.1773694132318611,558.3363913527648,7331.449743496865,2864.7586126747465,Web,Small Business
1123,2024-06-08,112,North East,Home Goods,Laptop,276.34296163892145,6,0.5264450088594879,368.6585177300973,785.181532503974,-1426.76957387661,Web,Corporate
1124,2024-05-02,108,NE,Office Supplies,Notebook,62.808229604551755,7,0.4666612523074146,442.9316096342657,234.48643765456,-2866.0348297852997,Web,Corporate
1125,2024-05-03,171,Midwest,Technology,Printer,,-1,-0.04326764886464646,548.1907171093787,,,Retail,Corporate
1126,03/21/2024,144,WEST,Electronics,Pen Set,581.8980270187111,7,0.2999232593437019,437.3042318579324,2851.6129190471283,-209.51670395839847,Web,Corporate
1127,2024-10-15,118,South ,Furniture,Notebook,1043.111356821341,8,0.5071059406718617,670.4255960491192,4113.1471279596235,-1250.2576404333304,Web,Consumer
1128,2024-06-18,126,North East,Technology, Pen Set,905.732801073593,8,0.5729207017294352,703.8618267813647,3094.5578328251454,-2536.336781425772,online ,Small Business
1129,2024-06-08,129,North East,Electronics,Desk Lamp,,-1,0.4824939245704193,10.076768014882695,,,Web,Consumer
1130,2024-02-15,116,WEST,Furniture, Printer,147.85418956850663,5,0.4730755943498892,230.25764387113736,389.5399048063208,-761.748314549366,Online,Corporate
1131,2024-08-20,162,NE,Furniture,Monitor,476.659941619784,2,-0.028243190406524538,551.8691492291466,980.2446782202288,-123.49362023806441,Web,Corporate
1132,2024-08-06,111,South ,Office Supplies,Desk Lamp,90.14721574783832,-2,-0.059455677608841205,682.6696540629249,-191.0139590893529,1174.3253490364968,Web,Corporate
1133,2024-06-23,135,South,Technology,Notebook,780.61263564827,9,0.8912491972345871,393.4713363717093,764.0302569801675,-2777.211770365216,Online,Small Business
1134,02/27/2024,197,North East,Office Supplies,Laptop,335.6157328751824,-2,-0.028464466214396716,423.98415648843036,-690.337711129256,157.63060184760468,Retail,Small Business
1135,2024-03-15,101,North East,Electronics,Desk Lamp,929.6591082199974,8,0.0912816688987465,125.09102396581568,6758.386186518045,5757.65799479152,Retail,Consumer
1136,2024-01-21,158,North East,Home Goods,Desk Chair,1157.7793620015482,2,0.5887843535718797,715.8088669249119,952.1939775332065,-479.4237563166172,Retail,Consumer
1137,06/11/2024,124,WEST,Electronics,Printer,860.7596078406747,9,0.23124693468409,152.49278498398132,5955.404283248754,4582.969218392922,online ,Consumer
1138,2024-11-04,126,north east,Office Supplies,Notebook,1015.2920414590964,0,0.4577584795048193,729.9096477931292,0.0,0.0,Retail,Small Business
1139,2024-02-15,193,South,Furniture,Notebook,149.59674486524943,9,0.0732779689223626,184.30441324276967,1247.7113931971437,-411.0283259877833,Partner,Consumer
1140,2024-08-01,101,North East,Office Supplies,Printer,959.0953297582539,-2,-0.09186562206432956,317.0323773433144,-2094.4064376909782,-1460.3416830043493,online ,Small Business
1141,2024-04-04,110,South ,Furniture,Pen Set,837.0284444905857,3,0.5354730570892481,600.5835030855201,1166.4667933456615,-635.2837159108988,Online,Small Business
1142,2024-03-16,131,Midwest,Electronics,Notebook,31.8574879592426,9,0.39172547938087277,12.767823698251009,174.4028839488412,59.49247066458213,Partner,Small Business
1143,2024-01-02,176,South,Home Goods,Notebook,108.18515598410131,7,0.1778462933411172,456.19497436793876,622.6137889845882,-2570.751031590983,Online,Corporate
1144,2024-05-22,143,South ,Office Supplies,Pen Set,134.4357299979363,0,0.5273549118795268,495.20064258066685,0.0,0.0,Online,Small Business
1145,2024-02-10,107,NE,Electronics,Laptop,1137.347050530936,1,0.13761513477996423,68.69130287581675,980.8308828805265,912.1395800047097,Web,Corporate
1146,2024-11-09,102,South ,Office Supplies,Desk Chair,58.49738625004259,8,0.4073785919118408,521.9838777693958,277.3344272718173,-3898.536594883349,Web,Small Business
1147,2024-08-30,154,South ,Furniture,Monitor,569.5172853090314,4,0.7455052897321224,21.58460573677279,579.7565460690806,493.4181231219895,online ,Small Business
1148,2024-02-06,158,WEST,Technology,Notebook,783.8875667528549,0,0.054392787445626284,166.84473287208294,0.0,0.0,Web,Small Business
1149,2024-10-31,130,north east,Office Supplies,Monitor,504.92976571485957,2,0.142154494782874,790.1814031701659,866.3034599376575,-714.0593464026744,Retail,Consumer
1150,2024-06-25,135,WEST,Furniture,Notebook,44.97939045024368,1,0.5113962666571624,340.26813686439704,21.977098097474236,-318.2910387669228,Web,Small Business
1151,2024-07-04,111,South ,Office Supplies,Desk Lamp,466.7781107226776,2,0.41317911569069665,574.0808469222604,547.8302874210151,-600.3314064235058,Online,Corporate
1152,2024-03-27,113,NE,Furniture,Monitor,1165.960161909551,2,-0.0516070496693664,82.42774708007397,2452.263851795439,2287.4083576352914,Web,Consumer
1153,2024-01-14,188,north east,Office Supplies,Pen Set,798.5193220199012,-2,0.17375707565623247,210.2160789973964,-1319.5418795414516,-899.1097215466589,Partner,Small Business
1154,2024-06-12,146,north east,Home Goods,Desk Chair,289.2621055312458,3,0.018830533561278506,272.91752526287263,851.4454372351008,32.69286144648299,Online,Small Business
1155,2024-09-13,107,South,Furniture,Notebook,744.4025340587957,3,1.2627618135590764,532.7245994593351,-586.8016796017837,-2184.975477979789,Web,Corporate
1156,2024-04-29,127,Midwest,Technology,Desk Lamp,1038.417251432261,8,-0.021656266421590492,50.384050591005305,8487.24393668843,8084.171531960387,Web,Corporate
1157,01/20/2024,100,North East,Electronics,Printer,155.31079767193188,2,-0.038011091043731036,469.81320685185807,322.42866108462835,-617.1977526190879,Partner,Consumer
1158,2024-10-02,187,Midwest,Office Supplies,Printer,,6,0.3473839564708502,366.518185228918,,,online ,Corporate
1159,2024-06-26,137,NE,Technology,Monitor,,1,0.39327653391565265,540.3787844933092,,,online ,Corporate
1160,2024-05-08,128,WEST,Office Supplies,Desk Chair,538.0627609724397,3,0.07871456730990228,783.0118734834217,1487.1281506707683,-861.9074697794968,Partner,Corporate
1161,2024-04-23,125,South,Furniture,Pen Set,1043.9969315296746,9,-0.02082312664639889,735.3488486098358,9591.625906680321,2973.486269191799,Partner,Consumer
1162,2024-10-13,152,West,Furniture,Printer,803.6961052191797,9,0.011501211669963582,257.898685126405,7150.0736357525575,4828.985469614912,Retail,Small Business
1163,2024-03-29,172,north east,Home Goods,Monitor,117.67321739159038,8,0.5149608929109435,264.99136344277474,456.60889833530746,-1663.3220092068905,online ,Small Business
1164,2024-03-22,122,South,Furniture,Monitor,528.3441446273903,5,0.10780849219219654,266.06307616863944,2356.9207951826775,1026.6054143394804,Partner,Consumer
1165,2024-07-17,118,West,Office Supplies,Notebook,472.38414051171145,-2,0.2819808219468314,16.660310351779728,-678.3617445911432,-645.0411238875837,Online,Small Business
1166,2024-04-19,165,West,Office Supplies,Notebook,561.557912122681,7,0.5660349917661938,731.8180301814186,1705.8753877065483,-3416.8508235633817,Online,Consumer
1167,2024-06-01,197,north east,Furniture,Desk Lamp,636.6823187500619,1,0.3255335649554112,651.3236622792944,429.4208537832768,-221.90280849601754,Web,Consumer
1168,2024-01-21,179,North East,Home Goods,Printer,780.4949098439776,6,0.35828515700194374,161.7375306254375,3005.131011187861,2034.7058274352362,Partner,Corporate
1169,2024-10-01,167,WEST,Office Supplies,Monitor,315.56411558740444,8,0.5507241141953925,466.8409823439242,1134.2027804694296,-2600.525078281964,Retail,Consumer
1170,2024-06-06,148,WEST,Electronics,Printer,1172.3030340084688,8,-0.013744142079483782,640.8259708620972,9507.322667744727,4380.71490084795,Online,Corporate
1171,2024-11-07,160,South,Home Goods,Desk Chair,315.30971260462286,1,-0.03907272618863896,301.94019801551815,327.6297226698417,25.689524654323577,Online,Consumer
1172,2024-02-16,121,north east,Electronics,Notebook,984.8347427178803,6,0.4556206952663614,143.94488704776484,3216.741915109749,2353.0725928231595,Retail,Consumer
1173,2024-06-18,179,South ,Home Goods,Desk Chair,672.3980989446935,1,0.09236422488369525,341.87191165076644,610.2925697223967,268.42065807163027,online ,Small Business
1174,2024-05-25,173,South ,Technology,Desk Lamp,547.6035376973026,-2,0.4158116214609274,177.30814107216665,-639.8072455392943,-285.190963394961,Web,Corporate
1175,2024-10-19,191,South ,Office Supplies,Laptop,255.36153577692744,6,0.17363419713386022,399.9296527930397,1266.1322432005868,-1133.4456735576514,online ,Small Business
1176,2024-10-17,117,South,Furniture,Pen Set,491.1393340441076,4,0.9069810220267984,655.87211040979,182.74111558088694,-2440.7473260582733,Retail,Corporate
1177,2024-04-11,138,South,Furniture,Notebook,929.4210456647652,2,0.5259336122648828,262.080391881839,881.2145556065814,357.0537718429034,Retail,Consumer
1178,2024-07-14,159,South,Furniture,Printer,90.45895067473573,8,0.34811775667971623,476.28553336447106,471.748669553965,-3338.5355973618034,Online,Corporate
1179,2024-10-26,102,WEST,Office Supplies,Monitor,236.48658675469068,9,0.363287432894565,585.8671556402006,1355.1658356472312,-3917.6385651145742,Online,Consumer
1180,2024-09-20,157,north east,Technology,Desk Chair,1149.5740885614025,6,0.019334556721742266,341.0378451499707,6764.085498841602,4717.858427941778,Online,Small Business
1181,2024-01-12,111,north east,Home Goods,Laptop,1177.6712854697216,4,0.17952114106651565,794.0243842159083,3865.0175700037075,688.9200331400743,Retail,Corporate
1182,2024-12-29,129,Midwest,Furniture,Laptop,629.9399929537302,-1,0.45153139180458546,488.7466980645341,-345.50231118196166,143.24438688257243,Partner,Consumer
1183,08/13/2024,135,North East,Furniture,Pen Set,370.72274357494103,-1,0.16663666785769102,195.04898909682615,-308.9467408865516,-113.89775178972545,Partner,Small Business
1184,2024-11-18,122,north east,Technology,Pen Set,1131.4405527316574,3,0.5435743812500922,793.7656217845336,1549.2553630778532,-832.0415022757477,Online,Corporate
1185,2024-01-12,141,north east,Technology,Notebook,652.281816324332,5,0.27273683479159827,117.31604917402711,2371.902691739595,1785.3224458694594,Partner,Small Business
1186,01/14/2024,120,WEST,Technology,Laptop,37.24365172158309,0,0.14226980857644986,514.572801489539,0.0,0.0,Online,Small Business
1187,2024-10-07,132,South ,Office Supplies,Laptop,1108.0810567109393,3,0.48053268359889856,762.474034443029,1726.8356786535849,-560.586424675502,online ,Corporate
1188,2024-05-20,107,South,Furniture,Laptop,579.098487427206,1,-0.04402422394848865,102.01786643889405,604.5928489259323,502.5749824870383,online ,Small Business
1189,2024-01-31,117,north east,Home Goods,Printer,340.52562226162075,8,0.3337115684284807,125.85975823727524,1815.1062621328874,808.2281962346855,Online,Consumer
1190,2024-09-22,110,WEST,Office Supplies,Printer,907.561717769197,6,0.2012360242562448,64.33070239797996,4349.565635508934,3963.5814211210545,Retail,Small Business
1191,2024-09-19,196,WEST,Electronics,Printer,616.2123324982498,-2,0.06285187699387668,143.13331355152414,-1154.9644615479199,-868.6978344448717,Web,Corporate
1192,2024-08-18,162,NE,Office Supplies,Monitor,545.2437320973738,4,0.26785323537804795,145.62528038936424,1596.7937375419626,1014.2926159845057,Online,Consumer
1193,05/12/2024,101,South ,Technology,Printer,169.22644617259158,3,0.08186924612152394,114.00221605455425,466.1160138018506,124.10936563818785,Partner,Small Business
1194,2024-03-05,189,North East,Technology,Monitor,297.02973454345437,-1,0.9342677108851267,216.35165364017922,-19.524444386724404,196.8272092534548,Online,Corporate
1195,2024-11-03,125,NE,Electronics,Desk Lamp,161.367717598065,9,0.35619745353767784,493.19464239186516,935.0005275580241,-3503.7512539687623,Web,Small Business
1196,2024-02-11,112,North East,Home Goods,Laptop,168.44255497193535,5,0.12078482702360888,352.8944836240366,740.486250531177,-1023.986167589006,Web,Corporate
1197,2024-01-10,159,Midwest,Home Goods,Desk Lamp,939.5928043064339,4,0.3615477455440479,511.1523973229298,2399.540576720132,354.93098742841266,Partner,Small Business
1198,2024-12-08,182,WEST,Technology,Monitor,135.77524108846617,4,0.6763128144412229,574.4770935098323,175.79482262596017,-2122.1135514133694,Online,Consumer
1199,05/31/2024,119,West,Office Supplies,Printer,887.6349477562183,1,0.14479226082209468,530.7896358009795,759.1122768858936,228.32264108491415,Web,Small Business
1200,2024-09-17,195,South,Electronics,Pen Set,91.76827069673864,9,0.5292305768043648,186.13472194677243,388.81526277208104,-1286.397234748871,online ,Consumer
1201,2024-02-18,167,West,Office Supplies,Notebook,931.8141989589677,7,0.2347787062031466,261.16132523847955,4991.308468339619,3163.1791916702623,online ,Consumer
1202,2024-12-12,112,South ,Electronics,Printer,703.0829632666233,9,0.6997271659618263,480.8326026690707,1900.0504254962357,-2427.4429985254005,Retail,Consumer
1203,2024-11-10,188,South,Furniture,Monitor,204.78372374370878,1,-0.014949036589357367,710.1052956663692,207.84504312285833,-502.2602525435109,Web,Small Business
1204,2024-05-01,138,north east,Technology,Desk Chair,1017.3520630414308,-1,0.3452495346108775,782.8258366464737,-666.1117367409607,116.71409990551297,Web,Corporate
1205,2024-08-25,195,WEST,Home Goods,Desk Chair,221.14023566895116,8,0.08853190881141754,583.7180055009408,1612.4981479213775,-3057.2458960861486,Retail,Corporate
1206,2024-07-31,126,West,Electronics,Monitor,1158.5043931311259,4,0.48849211960784,436.07857836601937,2370.3365062220314,626.0221927579539,Partner,Corporate
1207,2024-07-02,118,north east,Electronics,Monitor,190.36755218933158,9,0.34540394778547356,132.25694978888555,1121.5246331959136,-68.78791490405638,Partner,Small Business
1208,2024-05-23,104,WEST,Furniture,Printer,1058.9264278132755,0,0.18104602110290177,167.20832952997458,0.0,0.0,Web,Small Business
1209,2024-10-28,126,NE,Office Supplies,Printer,828.582090757099,6,1.2848916840252844,33.07252717749006,-1416.336883133886,-1614.7720461988263,online ,Small Business
1210,2024-01-14,152,WEST,Office Supplies,Desk Chair,447.84949404948054,0,0.48937926004769605,404.1299197233155,0.0,0.0,Retail,Small Business
1211,2024-04-20,119,South ,Furniture, Monitor,938.6757336152567,7,0.1740679887244805,558.0164264649615,5426.976356202609,1520.861370947879,Web,Consumer
1212,2024-02-07,159,WEST,Technology,Desk Lamp,955.0948242197303,4,0.5119837294271664,580.1067886617676,1864.4072566365153,-456.01989801055515,Web,Small Business
1213,2024-07-04,103,West,Technology,Notebook,72.83671295754843,-1,0.8898972038062669,511.01006758407743,-8.019525762186392,502.99054182189104,Online,Consumer
1214,2024-05-31,129,NE,Electronics,Notebook,1178.5433366309128,1,0.2620883395091266,122.22475873149574,869.6608704937713,747.4361117622756,Web,Consumer
1215,2024-07-01,162,WEST,Electronics,Desk Lamp,272.5282237263414,8,0.43661196678015035,243.0575908410499,1228.3131196966613,-716.1476070317378,Retail,Corporate
1216,2024-07-16,146,West,Electronics,Monitor,150.8200671988309,9,0.16868306635313077,472.2766418854476,1128.4134821653217,-3122.0762948037072,Web,Corporate
1217,2024-03-01,102,South ,Electronics,Desk Lamp,,3,0.09114956698096868,242.48683100307457,,,Partner,Small Business
1218,2024-02-04,168,South ,Office Supplies,Laptop,1011.9009444822523,-2,0.2046262794787497,566.2851110928996,-1609.6788380236324,-477.1086158378332,Web,Small Business
1219,2024-05-05,134,South,Furniture,Pen Set,529.8523361120637,3,-0.05990382424566366,109.42277947520083,1684.777551992025,1356.5092135664227,Partner,Consumer
1220,2024-03-24,135,South,Technology,Pen Set,25.949125454277073,7,0.09753095228524009,201.34814526223985,163.92797776426588,-1245.509039071413,Online,Small Business
1221,2024-04-29,115,South,Technology,Monitor,913.6839322773768,3,-0.05424368970493034,31.722812145709693,2889.736559964634,2794.568123527505,Retail,Small Business
1222,2024-09-06,120,North East,Electronics,Monitor,643.5806119075083,4,-0.03950277246621747,587.2967418112813,2676.0153215334385,326.8283542883132,Partner,Consumer
1223,2024-05-22,120,NE,Office Supplies,Desk Chair,72.18687635036828,6,0.24613679190656504,120.24723254195455,326.51418112639647,-394.96921412533084,Web,Consumer
1224,2024-10-31,188,South ,Home Goods,Desk Chair,1136.9728254090803,6,-0.08457538779174707,337.301997427035,7398.796458160389,5374.984473598179,Retail,Consumer
1225,2024-03-26,180,South,Home Goods,Pen Set,1176.8150181813162,9,0.40597001224593865,567.7289022976661,6291.570697551385,1182.0105768723906,Web,Small Business
1226,2024-07-16,173,Midwest,Technology,Desk Chair,207.27170279429814,6,0.36831563613037577,332.35360555968424,785.5817623667402,-1208.5398709913652,online ,Consumer
1227,2024-03-26,139,WEST,Office Supplies,Pen Set,143.2037531556211,0,-0.06363039571201212,165.08420679809964,0.0,0.0,Web,Corporate
1228,2024-01-20,167,North East,Technology,Notebook,910.5342917694757,5,-0.011622352045170592,133.4877499722678,4605.584209288103,3938.145459426764,Partner,Small Business
1229,2024-06-16,125,West,Electronics,Notebook,673.9970791513415,5,0.2247519637686329,433.2679293724078,2612.574560188774,446.23491332673484,Web,Corporate
1230,2024-09-18,122,north east,Technology,Desk Lamp,988.3027611142683,0,0.2087505107755486,153.445020139568,0.0,0.0,Partner,Corporate
1231,2024-10-23,184,north east,Furniture,Laptop,381.69543124376116,5,0.2641333662760881,448.4670525837151,1404.384660485717,-837.9506024328587,Web,Corporate
1232,2024-12-01,102,Midwest,Technology,Notebook,1077.6517457478965,3,-0.0015019303658691252,151.45874719423077,3237.8109108860012,2783.434669303309,online ,Corporate
1233,2024-06-24,103,north east,Office Supplies,Printer,960.3259941354739,0,0.517691457885137,406.63938499342737,0.0,0.0,Online,Small Business
1234,2024-03-03,120,north east,Electronics, Desk Lamp,872.9708021525951,9,0.5173494308132508,133.9755575970711,3792.058690881267,2586.278672507627,online ,Small Business
1235,01/25/2024,167,North East,Home Goods,Desk Lamp,866.0308106192987,2,0.5814201729833212,240.70937612023565,725.0060538002804,243.58730155980908,Web,Corporate
1236,2024-05-13,143,Midwest,Home Goods,Pen Set,1185.798024316801,9,0.22148563802124968,397.8988955639884,8308.447131029912,4727.357070954016,Partner,Consumer
1237,2024-10-12,120,Midwest,Home Goods,Desk Lamp,144.40241800929653,-2,0.06791187892916128,281.61342220782245,-269.1915569607421,294.0352874549028,Partner,Small Business
1238,2024-11-09,122,West,Electronics,Desk Lamp,748.9049952993331,2,0.46433711670265354,206.91002528475966,802.3212181956529,388.5011676261336,Online,Corporate
1239,2024-09-28,198,WEST,Electronics,Pen Set,826.7293640564559,4,0.01699240802985487,793.4353806484319,3250.7249654885845,76.98344289485703,online ,Corporate
1240,2024-05-07,103,West,Electronics,Pen Set,1040.999951959097,2,-0.07676745180630165,524.26441847237,2241.8297312029586,1193.3008942582185,Partner,Corporate
1241,2024-02-08,176,South ,Furniture,Desk Lamp,1079.6283919344944,3,0.3695126183340838,93.23662802471745,2042.076234008889,1762.3663499347367,Retail,Consumer
1242,2024-02-07,171,NE,Home Goods,Desk Lamp,163.32996728030324,8,1.2659137086902374,734.8708589983247,-347.45341871808455,-6226.420290704682,online ,Corporate
1243,2024-03-23,102,West,Office Supplies,Pen Set,907.2146652801729,1,0.5872590852824393,449.5519214293146,374.4446107929242,-75.10731063639037,Web,Corporate
1244,2024-04-30,146,NE,Electronics, Desk Chair,545.3122274873455,2,0.27848893365143723,197.30559346577698,786.8976134946093,392.2864265630554,Web,Consumer
1245,2024-11-03,174,Midwest,Technology,Laptop,98.34663885617987,6,-0.0663000148151526,682.5497801409892,629.2021348161903,-3466.0965460297452,online ,Corporate
1246,2024-04-19,154,South ,Electronics,Laptop,642.2666594759903,9,0.3079647845584427,685.2783946008439,4000.240314552567,-2167.265236855028,Partner,Small Business
1247,2024-11-20,166,WEST,Office Supplies,Printer,591.165808489697,6,0.5367387736056146,664.2830054568207,1643.1851846601924,-2342.5128480807316,Partner,Small Business
1248,03/05/2024,186,NE,Electronics,Laptop,522.2086182819784,9,0.22510326535787992,275.94848133292805,3641.9197779781052,1158.3834459817526,Retail,Corporate
1249,2024-08-19,137,NE,Home Goods,Laptop,714.1196231445274,1,0.3734984536368745,191.1766352183111,447.3970481882988,256.2204129699877,Retail,Small Business
1250,2024-03-07,165,WEST,Office Supplies,Desk Chair,333.16683005373744,6,0.2543862416466419,61.39111182634988,1490.4826338902503,1122.135962932151,Web,Consumer
1251,2024-03-01,189,North East,Electronics,Laptop,1089.7823960082878,7,0.5800728836307354,388.2226411991056,3203.404253180238,485.8457647864984,Partner,Corporate
1252,2024-10-17,183,South,Furniture,Printer,256.32116834172786,3,1.3499853643257111,675.9200670263206,-269.1259724594147,-2296.886173538376,online ,Consumer
1253,2024-10-21,148,WEST,Office Supplies,Notebook,270.0267028814151,3,0.5522276036029714,74.23874960263834,362.73151152119897,140.01526271328396,online ,Corporate
1254,2024-12-09,158,West,Technology,Notebook,613.8202070741926,8,-0.06860250238350195,743.8942221061257,5247.4384743443325,-703.7153025046728,Online,Corporate
1255,2024-06-16,175,South ,Office Supplies,Monitor,1059.8876817528687,9,0.3722254970413513,576.1512377058946,5988.334163439615,802.9730240865638,Online,Small Business
1256,2024-01-08,145,Midwest,Technology,Desk Lamp,70.85110391609986,4,-0.07160888371872301,209.07191150648646,303.69868951108407,-532.5889565148618,Web,Consumer
1257,2024-06-09,181,NE,Electronics,Pen Set,119.81890256717611,5,0.4258246334658927,68.74311119511324,343.98531149611415,0.26975552054796026,Partner,Small Business
1258,2024-09-14,173,NE,Electronics,Desk Chair,440.6847890970593,7,0.25150752697339074,97.01139730957077,2308.9447333152734,1629.864952148278,Web,Corporate
1259,2024-09-15,126,South,Technology,Desk Chair,891.7676878267484,0,0.27377723078343463,14.306755531068733,0.0,0.0,Online,Small Business
1260,2024-08-22,144,North East,Electronics,Desk Chair,485.2488105896822,-2,0.051235955508181025,654.2949460340429,-920.7732482398229,387.81664382826295,Partner,Consumer
1261,2024-10-03,117,Midwest,Electronics,Notebook,490.63845836244724,6,0.11441944914474886,359.90351553925785,2606.9992573643235,447.5781641287763,online ,Consumer
1262,2024-07-13,178,Midwest,Furniture,Desk Lamp,913.6277206456095,8,0.3075391226158797,482.8539626061852,5061.211624325702,1198.379923476221,Partner,Consumer
1263,2024-06-15,127,North East,Office Supplies,Notebook,522.329912770027,5,0.4333347740926907,275.1162175851387,1479.9309900898625,104.34990216416895,Retail,Consumer
1264,2024-05-05,137,north east,Furniture,Desk Lamp,1018.0959927356042,1,0.30615506314952057,88.68105223162485,706.4007497873615,617.7196975557367,Online,Small Business
1265,2024-11-20,187,North East,Furniture,Desk Lamp,611.4915903134354,1,-0.030488458072414945,740.8816773701419,630.1350260263409,-110.74665134380098,Online,Corporate
1266,02/20/2024,158,Midwest,Home Goods,Desk Chair,185.00360217424017,7,0.5300582281115365,764.9554690194788,608.5864442805758,-4746.101838855775,Partner,Consumer
1267,2024-03-27,117,north east,Electronics,Printer,993.7817580923701,8,0.5727948397853151,311.48196426585326,3396.389561474258,904.5338473474317,Retail,Small Business
1268,2024-03-08,148,South,Electronics,Desk Lamp,643.3864620672816,2,0.4835549733563099,245.35493323443754,664.5474770890535,173.8376106201784,Web,Corporate
1269,2024-02-20,184,NE,Home Goods,Printer,417.5130948133089,9,0.48148195736405375,136.36743010186956,1948.3926542772585,721.0857833604325,online ,Consumer
1270,2024-05-04,197,Midwest,Home Goods,Desk Lamp,591.7884198330172,-2,0.41420454618498925,264.0293784637376,-693.3339319171008,-165.2751749896256,Online,Small Business
1271,2024-10-01,184,north east,Technology,Printer,186.10113536534337,2,0.28011720877036417,771.4029334965834,267.94200955561536,-1274.8638574375514,Online,Consumer
1272,2024-09-23,146,South ,Technology,Pen Set,1045.2632999807452,8,0.28452573558222183,546.200934903586,5982.871925412985,1613.2644461842965,Online,Corporate
1273,2024-01-12,118,WEST,Electronics,Notebook,620.3538752151651,1,0.5044832657601815,303.3872767960835,307.39572631963443,4.008449523550951,Online,Corporate
1274,2024-08-03,126,West,Electronics,Notebook,618.4178000188939,-1,0.4080015242539644,367.50352422914983,-366.1023949854019,1.4011292437479597,Retail,Corporate
1275,2024-06-23,103,NE,Technology,Monitor,969.8413173682696,6,1.1761784804036615,242.25575532769196,-1025.1910171597615,-2478.725549125913,online ,Small Business
1276,2024-03-03,158,WEST,Home Goods,Laptop,46.640159095932944,4,-0.08661873389916519,551.7390237322958,202.72028250271313,-2004.23581242647,online ,Corporate
1277,2024-02-23,163,South,Home Goods,Printer,366.28075016230065,-1,0.13338512551137732,425.2195972291467,-317.42434632950074,107.79525089964596,Retail,Corporate
1278,2024-06-11,107,Midwest,Technology,Printer,1193.6318834563974,4,-0.06908664467551812,508.1605328893552,5104.383621048476,3071.7414894910553,Partner,Corporate
1279,2024-05-20,104,South ,Electronics,Monitor,988.0926967685162,-2,0.4921450077744125,75.44074760589486,-1003.6156176710692,-852.7341224592795,Partner,Corporate
1280,2024-09-16,174,north east,Office Supplies,Printer,425.09643542368036,9,0.3039284651233376,9.84055485067206,2663.077754483633,2574.5127608275843,Retail,Small Business
1281,2024-12-23,139,South,Electronics,Printer,144.38865479635345,9,0.39496053408668863,62.956959117483294,786.2475112373446,219.63487917999498,Online,Consumer
1282,2024-04-20,133,South,Office Supplies,Laptop,344.3953537013692,5,0.18357188616929646,260.58908249206615,1405.8702451723343,102.92483271200354,Retail,Small Business
1283,2024-11-16,129,NE,Electronics,Desk Lamp,1174.9875270580226,2,0.19128499964976461,154.3350677675304,1900.4600767125019,1591.789941177441,Web,Corporate
1284,2024-02-01,109,South ,Electronics,Monitor,987.504070054686,1,0.3778320548563816,572.5923428427388,614.3933780868838,41.80103524414494,Partner,Small Business
1285,2024-11-30,162,NE,Electronics,Desk Chair,152.744894698429,5,0.08998656631270005,230.9979038773758,694.9995305136121,-459.98998887326695,online ,Small Business
1286,2024-12-19,175,West,Technology,Monitor,488.911498546066,-2,0.8485526020388094,567.0463075272944,-148.0887485762162,986.0038664783726,Retail,Consumer
1287,2024-11-01,105,NE,Electronics,Desk Chair,303.72040435026366,9,-0.02867532835379054,219.9626626756978,2811.867180054782,832.2032159735015,Partner,Small Business
1288,2024-04-09,150,South ,Home Goods,Pen Set,526.2427292960701,5,0.5748548915430757,551.180316870078,1118.647611106228,-1637.253973244162,online ,Small Business
1289,2024-11-11,154,North East,Home Goods,Desk Chair,15.192290883867814,2,0.5128578585868313,226.35932955909547,14.801610228278257,-437.9170488899127,Partner,Consumer
1290,2024-10-07,120,north east,Office Supplies,Laptop,575.7338633415877,2,-0.06626979132469266,765.6558533100075,1227.7752526475876,-303.53645397242735,Partner,Corporate
1291,2024-02-10,117,West,Furniture,Printer,764.9647328910345,6,-0.06335148586876932,336.1210233635838,4880.5583121413265,2863.832171959824,online ,Small Business
1292,2024-01-31,108,South,Furniture,Pen Set,792.250643782453,5,0.353399219744045,604.4483127680639,2561.3494221400842,-460.8921417002357,Online,Consumer
1293,2024-08-03,135,Midwest,Technology,Monitor,888.9309751774736,9,-0.06346095966851986,377.1825423343192,8508.090491471783,5113.44761046291,Web,Corporate
1294,2024-01-21,198,West,Office Supplies, Monitor,803.5713260555968,3,0.26110333189862966,669.2067794650445,1781.2685262128412,-226.3518121822924,Partner,Small Business
1295,2024-06-13,101,South,Electronics,Desk Lamp,32.99988079194523,7,-0.07800472494210896,267.54300957244226,249.01819191370313,-1623.7828750933927,Retail,Consumer
1296,2024-01-24,124,North East,Electronics,Pen Set,1156.56409665623,3,0.4336163224153571,217.4658406859083,1965.177079279548,1312.779557221823,Partner,Corporate
1297,2024-04-01,126,South ,Technology,Printer,694.6729298693516,6,-0.01585493961559664,18.954128876469984,4234.121563350119,4120.3967900912985,online ,Corporate
1298,2024-02-02,106,north east,Furniture,Monitor,424.2337558702628,8,0.36410514229924307,704.0078163028758,2158.1445105678276,-3473.9180198551785,online ,Consumer
1299,2024-06-08,196,South ,Electronics,Pen Set,731.3144122708409,3,0.006629449963875142,569.5576682794623,2179.3985999004917,470.72559506210473,Partner,Small Business
1300,2024-08-13,178,WEST,Home Goods,Desk Chair,81.0626218753583,1,0.5704528606917427,629.2256868029847,34.82021733138712,-594.4054694715976,Partner,Consumer
1301,2024-11-26,127,South ,Home Goods,Desk Chair,934.5443322893983,7,0.037083158893989,499.81884504496736,6299.219334251436,2800.487418936664,Online,Consumer
1302,2024-10-27,176,north east,Furniture,Monitor,975.2372862208304,9,0.349973240360122,758.1792234212252,5705.372997379031,-1118.2400134119953,Retail,Corporate
1303,2024-07-06,130,NE,Electronics,Pen Set,852.1884068183576,-2,0.5514247633925758,188.04948196485915,-764.5412324452972,-388.44226851557886,Online,Corporate
1304,2024-06-09,126,South ,Furniture,Notebook,915.6950841684119,7,0.3757342329145754,223.38953296307412,4001.4596589432226,2437.7329282017035,Retail,Corporate
1305,2024-07-28,145,Midwest,Home Goods,Desk Lamp,,3,0.21187914711932362,44.7333277844446,,,online ,Small Business
1306,2024-08-27,149,NE,Electronics,Laptop,1026.0040568285538,3,-0.023774680213272656,401.097620396922,3151.1909255315186,1947.8980643407526,Web,Small Business
1307,2024-07-05,175,South ,Electronics, Desk Lamp,318.8547219795475,0,0.023266829931416252,15.35850636688158,0.0,0.0,Web,Consumer
1308,2024-04-17,158,NE,Home Goods,Printer,432.49885717783036,8,0.26502174710503035,607.0616146718789,2543.018035421062,-2313.4748819539695,Web,Small Business
1309,2024-01-08,199,South ,Office Supplies,Laptop,304.33497582470915,4,0.4469441884300843,612.0453597489252,673.2569081753808,-1774.92453082032,Online,Corporate
1310,02/13/2024,173,NE,Furniture,Desk Lamp,943.4608210240671,9,0.060073745722526134,181.55031720118987,7981.052360064314,6347.099505253605,online ,Corporate
1311,2024-11-17,147,NE,Electronics,Desk Chair,123.52514000272065,6,0.18193507892357627,5.352011242580268,606.3095034436791,574.1974359881975,Web,Consumer
1312,2024-09-04,133,South ,Home Goods,Laptop,,4,0.16020684648164027,604.640653810883,,,Web,Small Business
1313,2024-04-22,189,South ,Office Supplies,Monitor,434.97417956759836,1,0.1704262211535261,335.4050972463317,360.84317384453726,25.438076598205555,Partner,Consumer
1314,2024-09-13,119,West,Electronics,Laptop,131.1463827099489,8,0.4262405211273653,765.2744742430845,601.9718415975311,-5520.223952347144,online ,Small Business
1315,2024-08-24,167,Midwest,Office Supplies,Desk Lamp,702.1305286571403,0,0.19925128192967814,672.5294262884883,0.0,0.0,Partner,Small Business
1316,2024-07-17,170,West,Furniture,Monitor,1016.5609650473615,1,0.4762125814962015,437.88208639413625,532.4618436338876,94.57975723975136,Online,Consumer
1317,2024-02-10,145,Midwest,Furniture,Desk Lamp,256.42021296091775,1,0.10666926174274949,370.70190448673515,229.06805814845805,-141.6338463382771,online ,Consumer
1318,2024-10-09,160,South,Furniture,Desk Lamp,874.831576760154,5,0.3582554808061681,701.3270513960604,2807.091848017634,-699.5434089626679,Web,Corporate
1319,2024-09-04,168,WEST,Home Goods,Desk Lamp,476.27051630736497,6,-0.0999918556712437,420.3955939630428,3143.362134206639,620.988570428382,online ,Corporate
1320,2024-05-17,137,NE,Furniture,Printer,22.007821959939427,0,-0.0636693394888837,251.51720798249028,0.0,0.0,Web,Consumer
1321,2024-08-26,112,WEST,Office Supplies,Laptop,512.9287444461949,2,0.3988349331689589,149.3831043664991,616.7096858691175,317.94347713611927,Partner,Small Business
1322,2024-02-16,138,NE,Home Goods,Printer,272.3812372800366,3,0.3134464837962464,67.37237397211354,561.0128886076142,358.8957666912736,Online,Corporate
1323,07/20/2024,133,WEST,Electronics,Desk Lamp,938.951743736413,8,0.3399038331932992,292.5596526133666,4958.387574854991,2617.910353948058,Online,Corporate
1324,2024-04-20,120,north east,Electronics,Notebook,676.5091199576407,6,0.02046246050668156,361.80684836855175,3975.996472848585,1805.1553826372747,Online,Small Business
1325,2024-09-27,169,South ,Technology,Desk Lamp,1105.9834801049253,4,0.4953301303325863,29.532033924917595,2232.626155035461,2114.4980193357906,online ,Small Business
1326,2024-03-13,105,North East,Technology,Desk Chair,801.5239711437024,-2,0.3908189031131818,451.847871550044,-976.546503844798,-72.8507607447101,online ,Small Business
1327,2024-03-05,189,NE,Home Goods,Desk Chair,204.0120509485933,1,1.3550975949462096,14.077296845988538,-72.44418863188906,-86.5214854778776,Web,Small Business
1328,2024-09-26,103,North East,Technology,Pen Set,675.1869545787312,3,0.28250122125449306,46.07663371807908,1453.3374460054129,1315.1075448511756,Online,Corporate
1329,2024-10-09,112,South,Home Goods,Desk Chair,1154.2008733898708,0,0.17758757739297423,692.9101283325854,0.0,0.0,Retail,Consumer
1330,2024-05-30,121,WEST,Technology,Notebook,810.5165631085887,4,0.11900421259859098,681.2908071808528,2856.2467108709398,131.08348214752868,online ,Small Business
1331,06/27/2024,179,West,Office Supplies,Printer,203.7499091154679,9,0.10134291033057471,285.6020102446235,1647.9117031150465,-922.5063890865652,Partner,Corporate
1332,2024-04-06,127,South ,Office Supplies,Desk Lamp,491.38758883290495,8,0.14909833148144797,270.10276190882837,3344.9801538178162,1184.1580585471893,online ,Consumer
1333,2024-02-16,132,NE,Electronics,Notebook,773.6639327852843,4,0.03929449727160575,601.997139698838,2973.0527899572526,565.0642311619004,Partner,Consumer
1334,2024-01-29,162,South ,Office Supplies,Desk Lamp,524.1025238374622,7,0.21508156853236768,86.98148311442026,2879.644116571097,2270.7737347701554,Partner,Small Business
1335,2024-11-13,181,West,Office Supplies,Pen Set,848.4197693526598,8,0.26379298402613893,486.3587220254517,4996.9006935068255,1106.030917303212,Online,Small Business
1336,2024-10-17,123,West,Office Supplies,Pen Set,791.5397155347229,8,0.3167517628810228,740.7901552422453,4326.544921990048,-1599.776319947914,Partner,Small Business
1337,02/10/2024,118,South ,Furniture,Laptop,752.1420461654167,2,-0.08942252104986748,204.45997132442648,1638.8009682422683,1229.8810255934154,online ,Small Business
1338,2024-12-17,158,north east,Home Goods,Desk Lamp,332.60454197923826,1,0.5627136102463769,128.08874701518727,145.4434393777585,17.354692362571228,Web,Small Business
1339,2024-05-29,120,NE,Furniture,Pen Set,251.13283462105835,-1,0.16148836073337733,503.8518245685021,-210.57780483177729,293.27401973672477,online ,Consumer
1340,2024-01-07,135,South ,Home Goods,Monitor,1128.1852984392747,6,0.4878611246650987,539.606095929898,3466.7252994723613,229.08872389297358,Partner,Consumer
1341,2024-05-24,126,north east,Furniture,Desk Lamp,525.9635232328111,8,-0.040989079772054744,689.7491025229972,4380.178272350334,-1137.8145478336437,Retail,Corporate
1342,2024-03-13,118,WEST,Furniture,Desk Chair,711.4502474867896,6,0.3694728677676279,167.19960926217007,2691.532105643141,1688.3344500701207,Retail,Consumer
1343,2024-09-01,195,South,Office Supplies,Desk Lamp,,-2,0.05008453809521518,201.8100173725097,,,Online,Small Business
1344,2024-03-01,161,North East,Office Supplies,Notebook,732.0107524137493,-1,0.16054027427765347,708.5466250035673,-614.4935454470544,94.0530795565129,online ,Consumer
1345,2024-06-12,176,South ,Furniture,Desk Lamp,946.2557089949815,3,0.42001704556755726,419.5519742126697,1646.4365452544257,387.7806226164166,Retail,Consumer
1346,2024-07-27,105,West,Technology,Monitor,961.6653291181848,9,0.15791424394160522,534.8381227838344,7288.242081710686,2474.6989766561765,Online,Corporate
1347,2024-12-06,157,Midwest,Technology,Desk Lamp,305.57649440441696,7,0.2496022389067847,119.78816754626546,1605.1274207065157,766.6102478826575,online ,Corporate
1348,2024-01-18,121,WEST,Furniture, Monitor,944.266279773892,1,0.3131628614056249,378.2728059248708,648.5571496710556,270.28434374618485,online ,Consumer
1349,2024-07-25,102,WEST,Furniture,Notebook,497.5085535174312,-2,0.546818809298013,415.55738863379577,-450.9230373349054,380.1917399326861,Partner,Small Business
1350,2024-12-13,170,WEST,Technology,Notebook,867.4730028868433,0,-0.022697695612228147,251.29646588136285,0.0,0.0,Partner,Corporate
1351,2024-11-07,124,South ,Furniture,Desk Chair,434.69431045362114,1,0.5108450617827847,176.76779241458928,212.63286857331607,35.865076158726794,Retail,Small Business
1352,2024-02-05,148,north east,Electronics,Notebook,611.704642572131,-2,0.123026273934525,66.72441691108111,-1072.8977992960624,-939.4489654739002,Web,Corporate
1353,2024-02-08,104,South,Home Goods,Laptop,815.5595317662364,4,0.2232904368925772,15.534571635608886,2533.8115504249913,2471.6732638825556,Online,Corporate
1354,2024-08-26,112,West,Office Supplies,Desk Chair,869.0957807436586,4,0.20072601449265434,691.0630571946352,2778.5825938504086,14.330365071867618,Web,Small Business
1355,2024-04-17,121,South ,Electronics,Monitor,654.2298360871498,8,0.41268970536886795,101.5888359147735,3073.8873423105692,2261.1766549923814,Retail,Corporate
1356,2024-04-24,172,North East,Technology,Notebook,262.1542532237298,4,-0.059587488542417966,191.19167988643565,1111.1014671361797,346.33474759043713,Online,Corporate
1357,2024-05-31,108,NE,Furniture,Monitor,504.7723731927531,0,0.37528494512662935,604.1077314428736,0.0,0.0,Web,Consumer
1358,2024-12-19,100,Midwest,Electronics,Desk Lamp,761.388516249868,-2,0.2469926251623237,354.08097437440864,-1146.662335705733,-438.5003869569158,Partner,Consumer
1359,2024-01-17,168,NE,Furniture,Monitor,920.1131572265399,7,0.2554635447711453,19.408612631355137,4795.404519436145,4659.544231016659,Retail,Consumer
1360,2024-01-25,102,WEST,Furniture,Notebook,677.2071709773504,7,1.2510992961194207,430.846996481325,-1190.3237077160584,-4206.252683085333,Web,Corporate
1361,2024-03-26,150,North East,Electronics, Desk Chair,349.75544834102874,0,0.4744191303736106,390.05381890174937,0.0,0.0,Online,Corporate
1362,2024-01-30,117,West,Home Goods,Printer,1083.1110939700122,5,0.5141453171929871,435.69996659271277,2631.172985027785,452.67315206422154,online ,Small Business
1363,2024-08-07,148,South,Office Supplies,Laptop,98.18545286409181,3,0.20343056292894404,449.4521315325487,234.63459274954894,-1113.7218018480971,Retail,Corporate
1364,12/04/2024,177,North East,Furniture,Desk Lamp,453.31459577386545,1,0.22496696381745743,527.0999403536783,351.33378750848095,-175.76615284519738,Web,Small Business
1365,2024-12-12,101,WEST,Electronics,Notebook,797.4043031958292,9,0.34239207627733226,87.42447168374981,4719.4144937291685,3932.5942485754204,Online,Corporate
1366,2024-05-15,157,North East,Home Goods,Pen Set,940.5323728179715,4,0.37423139037643094,16.629465807752194,2354.222540977033,2287.704677746024,online ,Consumer
1367,2024-02-13,170,West,Office Supplies,Notebook,798.3558968605137,3,0.42498445891644954,608.1786803253169,1377.2011440314743,-447.33489694447644,Web,Consumer
1368,2024-03-04,185,NE,Furniture,Desk Chair,912.3380775467103,8,0.08965988882145579,254.49231253841037,6644.303575570332,4608.365075263049,online ,Corporate
1369,2024-04-03,109,South,Home Goods,Notebook,613.4009796190747,-2,0.30926766311607734,357.8680547949344,-847.3917841983418,-131.65567460847308,Partner,Consumer
1370,2024-11-13,161,North East,Technology,Pen Set,833.9071177286592,3,0.4237629819323271,425.33591318325637,1441.5844525961113,165.5767130463421,Web,Consumer
1371,2024-04-19,199,South ,Office Supplies,Laptop,990.2832010009563,2,0.4704578099783774,609.8768080899715,1048.7934699993382,-170.96014618060485,Partner,Small Business
1372,2024-12-05,183,NE,Electronics,Pen Set,448.3331844152781,-2,0.22479309202509748,335.11657300556215,-695.101963266219,-24.868817255094655,Partner,Consumer
1373,2024-03-19,145,South,Home Goods,Laptop,803.5483956537331,5,0.040745606434961584,590.3019616101974,3854.0366448649065,902.5268368139195,Partner,Consumer
1374,2024-03-17,101,NE,Home Goods,Desk Chair,900.1256362819701,3,-0.033557444224831215,264.6782032935992,2790.994656350529,1996.9600464697314,Partner,Small Business
1375,2024-03-01,190,WEST,Technology,Laptop,,-2,0.5728115909971156,680.0973093738548,,,Retail,Consumer
1376,2024-10-30,185,WEST,Electronics,Laptop,27.11392082578118,-1,0.39431095148333783,110.45243919275777,-16.422604906523514,94.02983428623425,Partner,Consumer
1377,2024-12-20,168,Midwest,Electronics,Notebook,1038.6755637733534,6,-0.05147016872856468,587.7378776045409,6552.81822177003,3026.390956142784,Partner,Corporate
1378,2024-03-01,119,South ,Home Goods,Laptop,687.686536164982,8,0.5503976640108239,424.50358564624753,2473.4837847046474,-922.5449004653328,Web,Corporate
1379,2024-02-20,149,Midwest,Office Supplies,Desk Lamp,782.9156263518623,1,0.5579522543788757,759.6145510788086,346.0860876403912,-413.5284634384174,Partner,Consumer
1380,2024-06-03,181,NE,Office Supplies,Printer,140.97530819932712,9,0.25025161235089244,559.2229656839884,951.2640901870337,-4081.7426009688616,Online,Corporate
1381,2024-12-04,170,South ,Technology,Desk Chair,723.1695182059309,9,-0.07036040485933132,365.0643008627506,6966.468164599451,3680.889456834695,Web,Corporate
1382,04/21/2024,158,WEST,Technology,Monitor,842.5710878503248,3,0.3799903800535507,513.0305663373621,1567.2065398678387,28.11484085575239,Partner,Small Business
1383,2024-01-13,136,South,Technology,Notebook,1002.2124215934044,3,0.3082335629939683,287.165105397223,2079.890748026569,1218.3954318349,Online,Corporate
1384,01/08/2024,189,West,Home Goods,Laptop,110.63279993571305,1,0.07240021316737208,479.43725386954327,102.6229616370642,-376.8142922324791,Partner,Corporate
1385,2024-08-26,126,South,Office Supplies,Printer,887.537042067106,6,1.4076292792118386,499.99127421093317,-2170.71650838973,-5170.664153655329,Partner,Corporate
1386,2024-09-20,193,South ,Furniture,Printer,162.244940169022,2,0.5827401934353493,682.7751998905466,135.39658470203887,-1230.1538150790543,Web,Corporate
1387,2024-01-11,170,North East,Office Supplies,Monitor,260.84379084453406,1,-0.06134423547988008,64.48285813000356,276.8450537735657,212.36219564356216,online ,Corporate
1388,2024-03-24,139,North East,Electronics,Notebook,,4,0.4588052380464307,243.0097820957519,,,Web,Corporate
1389,2024-02-29,127,West,Electronics,Pen Set,432.83050068392635,1,0.047354857765740055,121.80292924909776,412.3338738873649,290.53094463826716,Retail,Small Business
1390,2024-12-09,186,WEST,Electronics,Desk Chair,127.31368315667068,8,0.29438585513869786,114.03304808143082,718.6746853578956,-193.589699293551,Retail,Consumer
1391,2024-05-07,198,NE,Office Supplies,Laptop,13.737678197265318,4,-0.04240937300605669,248.63845709404217,57.28113806468126,-937.2726903114874,Web,Small Business
1392,2024-04-15,197,West,Technology,Printer,555.5333947164112,-1,0.36704863603592675,690.4513640582601,-351.62561991334434,338.82574414491575,Partner,Corporate
1393,2024-11-14,112,South,Home Goods,Monitor,1187.446845848417,1,-0.08892377960222543,379.33954819742553,1293.0391074579995,913.699559260574,Retail,Small Business
1394,2024-11-27,182,South ,Office Supplies,Laptop,793.1182758515365,-1,-0.01373719699857262,335.83556727428237,-804.0134978500773,-468.17793057579496,Partner,Consumer
1395,2024-12-30,105,North East,Furniture,Printer,685.5955083379549,7,0.5087242577323442,776.337098809827,2357.715095778697,-3076.644595890092,Web,Small Business
1396,2024-11-28,162,South,Office Supplies,Printer,689.3441260389767,0,0.05309686022650825,661.4402064907302,0.0,0.0,Partner,Small Business
1397,2024-07-18,161,Midwest,Home Goods,Printer,180.17133597221442,0,0.5572264720288925,273.29685891154406,0.0,0.0,Partner,Small Business
1398,2024-12-14,161,Midwest,Electronics, Printer,,2,0.5118502413136296,214.2816404818189,,,Retail,Consumer
1399,2024-05-06,148,West,Technology,Desk Lamp,756.5214327579068,3,0.08575907812138278,163.6067253690387,2074.928556316563,1584.108380209447,Online,Small Business
1209,2024-10-28,126,NE,Office Supplies,Printer,828.582090757099,6,1.2848916840252844,33.07252717749006,-1416.336883133886,-1614.7720461988263,online ,Small Business
1280,2024-09-16,174,north east,Office Supplies,Printer,425.09643542368036,9,0.3039284651233376,9.84055485067206,2663.077754483633,2574.5127608275843,Retail,Small Business
1033,2024-05-03,118,South,Office Supplies,Laptop,956.2715717747574,9,0.4208298500993808,151.5452710934392,4984.595546134383,3620.68810629343,Partner,Consumer
1210,2024-01-14,152,WEST,Office Supplies,Desk Chair,447.84949404948054,0,0.48937926004769605,404.1299197233155,0.0,0.0,Retail,Small Business
1093,06/02/2024,184,South,Technology,Monitor,623.056682064107,6,0.0040639094271790605,72.85298612252187,3723.1478168411986,3286.0299001060675,online ,Consumer
1084,2024-06-05,196,NE,Technology,Desk Chair,851.3067488797162,-2,-0.07652729568495444,611.1546551638489,-1832.9099043396632,-610.6005940119653,Retail,Corporate
1329,2024-10-09,112,South,Home Goods,Desk Chair,1154.2008733898708,0,0.17758757739297423,692.9101283325854,0.0,0.0,Retail,Consumer
1094,2024-02-18,195,North East,Technology,Desk Lamp,89.8210080922287,8,0.4598474154519886,377.24430361089657,388.1363973418014,-2629.818031545371,Online,Small Business
1266,02/20/2024,158,Midwest,Home Goods,Desk Chair,185.00360217424017,7,0.5300582281115365,764.9554690194788,608.5864442805758,-4746.101838855775,Partner,Consumer
1126,03/21/2024,144,WEST,Electronics,Pen Set,581.8980270187111,7,0.2999232593437019,437.3042318579324,2851.6129190471283,-209.51670395839847,Web,Corporate
